{"resourceId":2002,"properties":{"process_id":"inscripcion","name":"Proceso de inscripcion","documentation":"Modelo para el proceso de inscripción","process_author":"","process_version":"","process_namespace":"http://www.activiti.org/processdef","executionlisteners":"","eventlisteners":"","signaldefinitions":"","messagedefinitions":"","executionvariables":"[{\"variableName\":\"estadoSolicitud\",\"variableType\":\"string\",\"mapVariable\":false,\"$$hashKey\":\"uiGrid-004N\"},{\"variableName\":\"idSolicitud\",\"variableType\":\"string\",\"$$hashKey\":\"uiGrid-004P\"},{\"variableName\":\"fechaFinalizo\",\"variableType\":\"string\",\"$$hashKey\":\"uiGrid-004R\"},{\"variableName\":\"nodeIdSolicitud\",\"variableType\":\"string\",\"$$hashKey\":\"uiGrid-004T\",\"mapVariable\":false}]","metadata":""},"stencil":{"id":"BPMNDiagram"},"childShapes":[{"resourceId":"sid-59A6B02B-2AC6-421D-B662-E5B1549EC40C","properties":{"overrideid":"","name":"INSCRIPCIÓN","documentation":""},"stencil":{"id":"Pool"},"childShapes":[{"resourceId":"sid-8B68CA5A-940C-4A25-93AD-92F170BCA618","properties":{"overrideid":"","name":"Estudiante","documentation":"","showcaption":false},"stencil":{"id":"Lane"},"childShapes":[{"resourceId":"sid-3ACE1023-93C2-49AD-B6D7-5696F313200D","properties":{"overrideid":"","name":"Ingresar correo de solicitud","documentation":"","asynchronousdefinition":"false","exclusivedefinition":"false","executionlisteners":"","multiinstance_type":"None","multiinstance_cardinality":"","multiinstance_collection":"","multiinstance_variable":"","multiinstance_condition":"","isforcompensation":"false","usertasksendemail":false,"usertaskassignment":"","formkeydefinition":"","formreference":{"id":3003,"name":"Ingreso-Correo","referenceId":2002},"fieldstovariables":"","duedatedefinition":"","prioritydefinition":"","categorydefinition":"","formproperties":"","tasklisteners":"","emailtemplate":""},"stencil":{"id":"UserTask"},"childShapes":[],"outgoing":[{"resourceId":"sid-74F1558F-7DD6-42BF-AADB-00E84C02E8F1"}],"bounds":{"lowerRight":{"x":220,"y":128.80067567567568},"upperLeft":{"x":120,"y":48.80067567567568}},"dockers":[]},{"resourceId":"startEvent1","properties":{"overrideid":"","name":"","documentation":"","executionlisteners":"","initiator":"","formkeydefinition":"","formreference":"","fieldstovariables":"","formproperties":""},"stencil":{"id":"StartNoneEvent"},"childShapes":[],"outgoing":[{"resourceId":"sid-B1FCD796-21E3-48D1-8C75-AE5FF42272E9"}],"bounds":{"lowerRight":{"x":60,"y":103.80067567567568},"upperLeft":{"x":30,"y":73.80067567567568}},"dockers":[]},{"resourceId":"sid-A8F40AB6-3784-4198-AEFB-9EFD544FC2A8","properties":{"overrideid":"","name":"Comprobar Correo","documentation":"","restcalltask_endpoint":{"http_method":"GET","endpoint_config":{"id":1,"tenantId":1,"name":"API-REST-INS","protocol":"HTTP","host":"192.168.1.22","port":"3000","path":"/api","basicAuthId":null,"basicAuthName":null,"requestHeaders":null},"rest_url":"solicitudes/${correoElectronico}"},"restcalltask_request_mapping":"","restcalltask_response_mapping":[{"jsonPropertyName":"valido","processVariableName":"solicitudValida","processVariableType":"string","$$hashKey":"uiGrid-002J"},{"jsonPropertyName":"estado","processVariableName":"estadoSolicitud","processVariableType":"string","$$hashKey":"uiGrid-002L"}],"restcalltask_request_headers":"","type":"http://b3mn.org/stencilset/bpmn2.0#UserTask","asynchronousdefinition":"false","exclusivedefinition":"false","executionlisteners":"","multiinstance_type":"None","multiinstance_cardinality":"","multiinstance_collection":"","multiinstance_variable":"","multiinstance_condition":"","isforcompensation":"false","usertasksendemail":true,"usertaskassignment":"","formkeydefinition":"","formreference":"","fieldstovariables":"","duedatedefinition":"","prioritydefinition":"","categorydefinition":"","formproperties":"","tasklisteners":"","emailtemplate":""},"stencil":{"id":"RestCallTask"},"childShapes":[],"outgoing":[{"resourceId":"sid-EB3C6051-5B90-42E5-89F9-A5642751633D"}],"bounds":{"lowerRight":{"x":220,"y":338.11655405405406},"upperLeft":{"x":120,"y":258.11655405405406}},"dockers":[]},{"resourceId":"sid-4859ABCC-625D-42B2-B5B1-C0A427C47855","properties":{"overrideid":"","name":"","documentation":"","asynchronousdefinition":"false","exclusivedefinition":"false","sequencefloworder":""},"stencil":{"id":"ExclusiveGateway"},"childShapes":[],"outgoing":[{"resourceId":"sid-FB7C09B8-F4E9-47EF-A16B-B8EC81136E15"},{"resourceId":"sid-F8CEF6D5-ACA7-467E-9727-3528A0AD2138"}],"bounds":{"lowerRight":{"x":355.06604363070403,"y":318.11655405405406},"upperLeft":{"x":315.06604363070403,"y":278.11655405405406}},"dockers":[]},{"resourceId":"sid-807C1A41-D74C-44DF-8FAB-0C405895760D","properties":{"overrideid":"","name":"Notificar Estado\nSolicitud","documentation":"","asynchronousdefinition":"false","exclusivedefinition":"false","executionlisteners":"","multiinstance_type":"None","multiinstance_cardinality":"","multiinstance_collection":"","multiinstance_variable":"","multiinstance_condition":"","isforcompensation":"false","mailtaskto":"${correoElectronico}","mailtaskfrom":"","mailtasksubject":"Solicitud-Existente","mailtaskcc":"","mailtaskbcc":"","mailtasktext":"","mailtaskhtml":"<html>\n<body lang=ES-GT>\n<div class=WordSection1>\n\n<h1><span lang=EN-US>Saludos estimado estudiante:</span></h1>\n\n<br>\n\n<p class=MsoNormal>Su solicitud de inscripción se encuentra en estado: <b> <span\nstyle='color:#189A2E'>${estadoSolicitud}</span></b></p>\n\n<br>\n\n<p class=MsoNormal><b> <span\nstyle='color:#FF4500'>OBSERVACION: </span></b>Por favor verificar los mensajes enviados previamente a su correo electrónico.</p>\n</div>\n\n</body>\n\n</html>","mailtaskcharset":"","type":"http://b3mn.org/stencilset/bpmn2.0#UserTask","usertasksendemail":true,"usertaskassignment":"","formkeydefinition":"","formreference":"","fieldstovariables":"","duedatedefinition":"","prioritydefinition":"","categorydefinition":"","formproperties":"","tasklisteners":"","emailtemplate":""},"stencil":{"id":"MailTask"},"childShapes":[],"outgoing":[{"resourceId":"sid-B975064E-A9BD-4BA2-98A3-9A56463F0E2E"}],"bounds":{"lowerRight":{"x":594.3679127385919,"y":338.11655405405406},"upperLeft":{"x":494.36791273859194,"y":258.11655405405406}},"dockers":[]},{"resourceId":"sid-651D7CBD-FF14-448C-983A-AB451C2A6034","properties":{"overrideid":"","name":"","documentation":"","executionlisteners":""},"stencil":{"id":"EndNoneEvent"},"childShapes":[],"outgoing":[],"bounds":{"lowerRight":{"x":558.3679127385919,"y":193},"upperLeft":{"x":530.3679127385919,"y":165}},"dockers":[]},{"resourceId":"sid-676E7ECC-3242-482E-9214-7D9DE365A604","properties":{"overrideid":"","name":"Enviar link de formulario","documentation":"","asynchronousdefinition":"false","exclusivedefinition":"false","executionlisteners":"","multiinstance_type":"None","multiinstance_cardinality":"","multiinstance_collection":"","multiinstance_variable":"","multiinstance_condition":"","isforcompensation":"false","mailtaskto":"${correoElectronico}","mailtaskfrom":"","mailtasksubject":"Solicitud-Iniciada","mailtaskcc":"","mailtaskbcc":"","mailtasktext":"","mailtaskhtml":"<html>\n<body lang=ES-GT>\n<div class=WordSection1>\n\n<h1><span lang=EN-US>Saludos estimado estudiante:</span></h1>\n\n<br>\n\n<p class=MsoNormal>Su solicitud de inscripción se encuentra en estado: <b> <span\nstyle='color:#189A2E'> INICIADA</span></b></p>\n\n<br>\n\n<p class=MsoNormal><b> <span\nstyle='color:#FF4500'>ATENCION: </span></b>Por favor abra el siguiente enlace para continuar con su inscripción:</p>\n<br>\n<a href=\"http://104.198.167.252:4200/formulario-registro/${idSolicitud}\">Fomulario de Inscripcion</a>\n</div>\n\n</body>\n\n</html>\n","mailtaskcharset":"","type":"http://b3mn.org/stencilset/bpmn2.0#UserTask","usertasksendemail":true,"usertaskassignment":"","formkeydefinition":"","formreference":"","fieldstovariables":"","duedatedefinition":"","prioritydefinition":"","categorydefinition":"","formproperties":"","tasklisteners":"","emailtemplate":""},"stencil":{"id":"MailTask"},"childShapes":[],"outgoing":[{"resourceId":"sid-C80B3956-E300-4CCA-80FA-DB18B45B1DF3"}],"bounds":{"lowerRight":{"x":385.06604363070403,"y":128.80067567567568},"upperLeft":{"x":285.06604363070403,"y":48.80067567567568}},"dockers":[]},{"resourceId":"sid-D78BC66D-5EB1-4A46-9760-868BE0E1AFD0","properties":{"overrideid":"ingresoDatos","name":"Ingresar datos y documentos","documentation":"","asynchronousdefinition":"false","exclusivedefinition":"false","executionlisteners":"","multiinstance_type":"None","multiinstance_cardinality":"","multiinstance_collection":"","multiinstance_variable":"","multiinstance_condition":"","isforcompensation":"false","usertasksendemail":false,"usertaskassignment":"","formkeydefinition":"","formreference":{"id":3004,"name":"Formulario-Informacion","referenceId":2002},"fieldstovariables":"","duedatedefinition":"","prioritydefinition":"","categorydefinition":"","formproperties":"","tasklisteners":"","emailtemplate":""},"stencil":{"id":"UserTask"},"childShapes":[],"outgoing":[{"resourceId":"sid-BF7CFE34-8CFA-4A96-ACCC-104F89081752"}],"bounds":{"lowerRight":{"x":865.066043630704,"y":128.80067567567568},"upperLeft":{"x":765.066043630704,"y":48.80067567567568}},"dockers":[]},{"resourceId":"sid-9A98E00C-60A4-499C-8A5C-1AEC8E50D0E3","properties":{"scriptformat":"groovy","scripttext":"// Capturamos la instancia del proceso\nexecution.setVariable('idSolicitud', execution.getProcessInstanceId());\n// Seteamos el valor del estado de la solicitud\nexecution.setVariable('estadoSolicitud', 'SOL-INICIDA');","executionvariables":"","overrideid":"","name":"Capturar idSolicitud","documentation":"","asynchronousdefinition":"false","exclusivedefinition":"false","executionlisteners":"","multiinstance_type":"None","multiinstance_cardinality":"","multiinstance_collection":"","multiinstance_variable":"","multiinstance_condition":"","isforcompensation":"false"},"stencil":{"id":"ScriptTask"},"childShapes":[],"outgoing":[{"resourceId":"sid-1886AEC2-1468-46F0-8538-75C74B0B38E1"}],"bounds":{"lowerRight":{"x":407.06604363070403,"y":210},"upperLeft":{"x":263.06604363070403,"y":165}},"dockers":[]},{"resourceId":"sid-A97C3805-536A-4A77-A519-1C4E0AA3498D","properties":{"overrideid":"","name":"","documentation":"","asynchronousdefinition":"false","exclusivedefinition":"false","sequencefloworder":""},"stencil":{"id":"InclusiveGateway"},"childShapes":[],"outgoing":[{"resourceId":"sid-AAAF8230-9FC5-4BEC-9BC2-562E253E763F"}],"bounds":{"lowerRight":{"x":685.066043630704,"y":108.80067567567568},"upperLeft":{"x":645.066043630704,"y":68.80067567567568}},"dockers":[]},{"resourceId":"sid-EF25C14A-59F2-4974-B3B1-CF97B8DF7A74","properties":{"overrideid":"","name":"Almacenar Solicitud","documentation":"","restcalltask_endpoint":{"http_method":"POST","endpoint_config":{"id":1,"tenantId":1,"name":"API-REST-INS","protocol":"HTTP","host":"192.168.1.22","port":"3000","path":"/api","basicAuthId":null,"basicAuthName":null,"requestHeaders":null},"rest_url":"solicitudes/crear"},"restcalltask_request_mapping":[{"jsonPropertyName":"numeroId","jsonPropertyType":"string","jsonPropertyValueFormField":{"fieldType":"FormFieldRepresentation","id":"numeroId","name":"Número ID","type":"integer","value":null,"required":true,"readOnly":false,"overrideId":true,"colspan":1,"placeholder":null,"minLength":0,"maxLength":0,"minValue":null,"maxValue":null,"regexPattern":null,"optionType":null,"hasEmptyValue":null,"options":null,"restUrl":null,"restResponsePath":null,"restIdProperty":null,"restLabelProperty":null,"tab":"tab1","className":null,"params":{"existingColspan":1,"maxColspan":2},"dateDisplayFormat":null,"layout":{"row":-1,"column":-1,"colspan":1},"sizeX":1,"sizeY":1,"row":-1,"col":-1,"visibilityCondition":null},"jsonPropertyValueType":"field","$$hashKey":"uiGrid-0007"},{"jsonPropertyName":"numeroCui","jsonPropertyType":"string","jsonPropertyValueFormField":{"id":"numeroCui","name":"Número CUI","type":"integer","$$hashKey":"object:605"},"jsonPropertyValueType":"field","$$hashKey":"uiGrid-0009"},{"jsonPropertyName":"primerNombre","jsonPropertyType":"string","jsonPropertyValueFormField":{"fieldType":"FormFieldRepresentation","id":"primerNombre","name":"Primer Nombre","type":"text","value":null,"required":true,"readOnly":false,"overrideId":true,"colspan":1,"placeholder":null,"minLength":0,"maxLength":0,"minValue":null,"maxValue":null,"regexPattern":null,"optionType":null,"hasEmptyValue":null,"options":null,"restUrl":null,"restResponsePath":null,"restIdProperty":null,"restLabelProperty":null,"tab":"tab1","className":null,"params":{"existingColspan":1,"maxColspan":2},"dateDisplayFormat":null,"layout":{"row":-1,"column":-1,"colspan":1},"sizeX":1,"sizeY":1,"row":-1,"col":-1,"visibilityCondition":null},"jsonPropertyValueType":"field","$$hashKey":"uiGrid-000B"},{"jsonPropertyName":"segundoNombre","jsonPropertyType":"string","jsonPropertyValueFormField":{"fieldType":"FormFieldRepresentation","id":"segundoNombre","name":"Segundo Nombre","type":"text","value":null,"required":false,"readOnly":false,"overrideId":true,"colspan":1,"placeholder":null,"minLength":0,"maxLength":0,"minValue":null,"maxValue":null,"regexPattern":null,"optionType":null,"hasEmptyValue":null,"options":null,"restUrl":null,"restResponsePath":null,"restIdProperty":null,"restLabelProperty":null,"tab":"tab1","className":null,"params":{"existingColspan":1,"maxColspan":2},"dateDisplayFormat":null,"layout":{"row":-1,"column":-1,"colspan":1},"sizeX":1,"sizeY":1,"row":-1,"col":-1,"visibilityCondition":null},"jsonPropertyValueType":"field","$$hashKey":"uiGrid-000D"},{"jsonPropertyName":"primerApellido","jsonPropertyType":"string","jsonPropertyValueFormField":{"fieldType":"FormFieldRepresentation","id":"primerApellido","name":"Primer Apellido","type":"text","value":null,"required":true,"readOnly":false,"overrideId":true,"colspan":1,"placeholder":null,"minLength":0,"maxLength":0,"minValue":null,"maxValue":null,"regexPattern":null,"optionType":null,"hasEmptyValue":null,"options":null,"restUrl":null,"restResponsePath":null,"restIdProperty":null,"restLabelProperty":null,"tab":"tab1","className":null,"params":{"existingColspan":1,"maxColspan":2},"dateDisplayFormat":null,"layout":{"row":-1,"column":-1,"colspan":1},"sizeX":1,"sizeY":1,"row":-1,"col":-1,"visibilityCondition":null},"jsonPropertyValueType":"field","$$hashKey":"uiGrid-000F"},{"jsonPropertyName":"segundoApellido","jsonPropertyType":"string","jsonPropertyValueFormField":{"fieldType":"FormFieldRepresentation","id":"segundoApellido","name":"Segundo Apellido","type":"text","value":null,"required":false,"readOnly":false,"overrideId":true,"colspan":1,"placeholder":null,"minLength":0,"maxLength":0,"minValue":null,"maxValue":null,"regexPattern":null,"optionType":null,"hasEmptyValue":null,"options":null,"restUrl":null,"restResponsePath":null,"restIdProperty":null,"restLabelProperty":null,"tab":"tab1","className":null,"params":{"existingColspan":1,"maxColspan":2},"dateDisplayFormat":null,"layout":{"row":-1,"column":-1,"colspan":1},"sizeX":1,"sizeY":1,"row":-1,"col":-1,"visibilityCondition":null},"jsonPropertyValueType":"field","$$hashKey":"uiGrid-000H"},{"jsonPropertyName":"numTelefono","jsonPropertyType":"string","jsonPropertyValueFormField":{"fieldType":"FormFieldRepresentation","id":"numeroTelefono","name":"Número de teléfono","type":"integer","value":null,"required":false,"readOnly":false,"overrideId":true,"colspan":1,"placeholder":null,"minLength":0,"maxLength":0,"minValue":null,"maxValue":null,"regexPattern":null,"optionType":null,"hasEmptyValue":null,"options":null,"restUrl":null,"restResponsePath":null,"restIdProperty":null,"restLabelProperty":null,"tab":"tab1","className":null,"params":{"existingColspan":1,"maxColspan":2},"dateDisplayFormat":null,"layout":{"row":-1,"column":-1,"colspan":1},"sizeX":1,"sizeY":1,"row":-1,"col":-1,"visibilityCondition":null},"jsonPropertyValueType":"field","$$hashKey":"uiGrid-000J"},{"jsonPropertyName":"idSolicitud","jsonPropertyType":"string","jsonPropertyValueRestResponseField":{"id":"idSolicitud","name":"idSolicitud","type":"string"},"jsonPropertyValueType":"restResponse","$$hashKey":"uiGrid-000L"},{"jsonPropertyName":"correo","jsonPropertyType":"string","jsonPropertyValueFormField":{"fieldType":"FormFieldRepresentation","id":"correoElectronico","name":"Correo Electrónico","type":"text","value":null,"required":false,"readOnly":false,"overrideId":true,"colspan":1,"placeholder":null,"minLength":0,"maxLength":0,"minValue":null,"maxValue":null,"regexPattern":null,"optionType":null,"hasEmptyValue":null,"options":null,"restUrl":null,"restResponsePath":null,"restIdProperty":null,"restLabelProperty":null,"tab":null,"className":null,"params":{"existingColspan":1,"maxColspan":2},"dateDisplayFormat":null,"layout":{"row":-1,"column":-1,"colspan":1},"sizeX":1,"sizeY":1,"row":-1,"col":-1,"visibilityCondition":null},"jsonPropertyValueType":"field","$$hashKey":"uiGrid-000N"}],"restcalltask_response_mapping":[{"jsonPropertyName":"guardoSolicitud","processVariableName":"guardoSolicitud","processVariableType":"string","$$hashKey":"uiGrid-001L"}],"restcalltask_request_headers":[{"name":"Content-Type","value":"application/json"}]},"stencil":{"id":"RestCallTask"},"childShapes":[],"outgoing":[{"resourceId":"sid-567FBB68-9637-4C7D-BC7C-B2491115CB2B"}],"bounds":{"lowerRight":{"x":985.0660436307039,"y":227.5},"upperLeft":{"x":885.066043630704,"y":147.5}},"dockers":[]},{"resourceId":"sid-5B5A3225-8590-4728-A299-3E42B8A6D998","properties":{"overrideid":"","name":"","documentation":"","asynchronousdefinition":"false","exclusivedefinition":"false","sequencefloworder":""},"stencil":{"id":"ExclusiveGateway"},"childShapes":[],"outgoing":[{"resourceId":"sid-DFC76E8E-71AF-46A6-A683-F671416556CF"},{"resourceId":"sid-18AF6F91-99B0-4C9C-9B6C-D6968F8CD60D"}],"bounds":{"lowerRight":{"x":835.066043630704,"y":295},"upperLeft":{"x":795.066043630704,"y":255}},"dockers":[]},{"resourceId":"sid-3E14546A-78F1-49F4-8D89-83F16EBB890E","properties":{"overrideid":"","name":"","documentation":"","asynchronousdefinition":"false","exclusivedefinition":"false","sequencefloworder":""},"stencil":{"id":"InclusiveGateway"},"childShapes":[],"outgoing":[{"resourceId":"sid-E0C69BA8-679B-4157-8D9E-91888D6A30A6"}],"bounds":{"lowerRight":{"x":1060.066043630704,"y":318.11655405405406},"upperLeft":{"x":1020.0660436307039,"y":278.11655405405406}},"dockers":[]},{"resourceId":"sid-C931AF09-80B9-4558-A6F0-98FDDB882FF3","properties":{"overrideid":"","name":"","documentation":"","asynchronousdefinition":"false","exclusivedefinition":"false","sequencefloworder":""},"stencil":{"id":"ExclusiveGateway"},"childShapes":[],"outgoing":[{"resourceId":"sid-30F3E2E6-04B4-4809-9B17-CEDD9622279B"},{"resourceId":"sid-D82545C5-2582-47A9-B5D8-DBD0A68AAD6C"}],"bounds":{"lowerRight":{"x":1060.066043630704,"y":108.80067567567568},"upperLeft":{"x":1020.0660436307039,"y":68.80067567567568}},"dockers":[]}],"outgoing":[],"bounds":{"lowerRight":{"x":1148.7358254771839,"y":358.85472972972974},"upperLeft":{"x":30,"y":0}},"dockers":[]},{"resourceId":"sid-666763C0-6271-41E2-BA86-AD72433EBA5B","properties":{"overrideid":"","name":"Encargado","documentation":"","showcaption":true},"stencil":{"id":"Lane"},"childShapes":[{"resourceId":"sid-D50E6568-8D31-4605-9E0B-6AA8818C6476","properties":{"overrideid":"revisaSol","name":"Revisar Solicitud","documentation":"","asynchronousdefinition":"false","exclusivedefinition":"false","executionlisteners":"","multiinstance_type":"None","multiinstance_cardinality":"","multiinstance_collection":"","multiinstance_variable":"","multiinstance_condition":"","isforcompensation":"false","usertasksendemail":false,"usertaskassignment":"","formkeydefinition":"","formreference":{"id":3005,"name":"Formulario-Revision","referenceId":2002,"variablesmapping":[]},"fieldstovariables":"","duedatedefinition":"","prioritydefinition":"","categorydefinition":"","formproperties":"","tasklisteners":"","emailtemplate":""},"stencil":{"id":"UserTask"},"childShapes":[],"outgoing":[{"resourceId":"sid-BCBB16C3-B986-439F-B286-07EC6DD62BA2"}],"bounds":{"lowerRight":{"x":1090.066043630704,"y":181.14527027027026},"upperLeft":{"x":990.066043630704,"y":101.14527027027025}},"dockers":[]},{"resourceId":"sid-E79163D0-61E4-4311-8655-EC2991F8A8F7","properties":{"overrideid":"","name":"Enviar correo de correción","documentation":"","asynchronousdefinition":"false","exclusivedefinition":"false","executionlisteners":"","multiinstance_type":"None","multiinstance_cardinality":"","multiinstance_collection":"","multiinstance_variable":"","multiinstance_condition":"","isforcompensation":"false","mailtaskto":"${correoElectronico}","mailtaskfrom":"","mailtasksubject":"Solicitud-Rechazada","mailtaskcc":"","mailtaskbcc":"","mailtasktext":"","mailtaskhtml":"<html>\n<body lang=ES-GT>\n<div class=WordSection1>\n\n<h1><span lang=EN-US>Saludos estimado estudiante:</span></h1>\n\n<br>\n\n<p class=MsoNormal>Su solicitud de inscripción ha sido rechazada y el estado acual es: <b> <span\nstyle='color:#189A2E'>${estadoSolicitud}</span></b></p>\n\n<br>\n\n<p class=MsoNormal><b> <span\nstyle='color:#FF4500'>RESULTADO-REVISIÓN: </span></b>Por favor corregir los siguientes campos: </p>\n<p> ${camposAprobadosyRechazados} </p>\n<br>\n<p class=MsoNormal><b> <span\nstyle='color:#189BCB'>COMENTARIO DEL ENCARADO: </span></b> ${comentarioEncargado}</p>\n\n</div>\n\n</body>\n\n</html>\n","mailtaskcharset":"","type":"http://b3mn.org/stencilset/bpmn2.0#UserTask","usertasksendemail":true,"usertaskassignment":"","formkeydefinition":"","formreference":"","fieldstovariables":"","duedatedefinition":"","prioritydefinition":"","categorydefinition":"","formproperties":"","tasklisteners":"","emailtemplate":""},"stencil":{"id":"MailTask"},"childShapes":[],"outgoing":[{"resourceId":"sid-D01B4B8D-DD7D-440C-908A-46FA4DBA5726"}],"bounds":{"lowerRight":{"x":715.066043630704,"y":96.14527027027026},"upperLeft":{"x":615.066043630704,"y":16.145270270270245}},"dockers":[]},{"resourceId":"sid-4F9D098F-8B7A-4EF6-8E41-2BD25EF26EBF","properties":{"overrideid":"","name":"Generar certificado","documentation":"","generatedocumenttemplate":{"id":1001,"name":"Universidad Pública Certificado.docx"},"generatedocumenttaskoutputformat":"","executionvariable_document":{"variableName":"docCertificado","variableType":"document"},"generatedocumentfilename":"Certificado","additionaldatasources_document":"","additionaldatasourcenames_document":"","type":"http://b3mn.org/stencilset/bpmn2.0#UserTask","asynchronousdefinition":"false","exclusivedefinition":"false","executionlisteners":"","multiinstance_type":"None","multiinstance_cardinality":"","multiinstance_collection":"","multiinstance_variable":"","multiinstance_condition":"","isforcompensation":"false","usertasksendemail":true,"usertaskassignment":"","formkeydefinition":"","formreference":"","fieldstovariables":"","duedatedefinition":"","prioritydefinition":"","categorydefinition":"","formproperties":"","tasklisteners":"","emailtemplate":""},"stencil":{"id":"GenerateDocumentTask"},"childShapes":[],"outgoing":[{"resourceId":"sid-070D5216-1D14-465E-A328-FCC6330730FF"}],"bounds":{"lowerRight":{"x":805.066043630704,"y":280.7644608808963},"upperLeft":{"x":705.066043630704,"y":200.76446088089628}},"dockers":[]},{"resourceId":"sid-1BCEE9D8-B76B-4528-B1A7-67E5B4E2DB77","properties":{"overrideid":"","name":"Subir documentos al repositorio","documentation":"","alfresco_cloud_content":{"source":"process","metaDataColumnDefinitions":[],"documentAspects":[{"aspectName":"cm:titled"}],"documentType":"cmis:document"},"alfresco_cloud_destination":{"account":"alfresco-1-Alfresco Repo","site":"repositorio-inscripciones-2019","path":"056eb658-65d0-410a-9a7e-880c4a12890b","path_title":"documentLibrary","site_title":"Repositorio-Inscripciones-2019","publish_as_type":"process_initiator","folder":"nombreCarpeta"}},"stencil":{"id":"PublishToAlfrescoCloudTask"},"childShapes":[],"outgoing":[{"resourceId":"sid-085159B7-6803-4BD1-8509-EF3A12411F81"}],"bounds":{"lowerRight":{"x":655.3082371787041,"y":280.8482028163962},"upperLeft":{"x":555.0660436307041,"y":200.68071894539622}},"dockers":[]},{"resourceId":"sid-D059CDD9-47DC-4543-94E2-D9881435FEEA","properties":{"overrideid":"","name":"","documentation":"","asynchronousdefinition":"false","exclusivedefinition":"false","sequencefloworder":""},"stencil":{"id":"ExclusiveGateway"},"childShapes":[],"outgoing":[{"resourceId":"sid-685BD0B3-F6D6-4915-B011-1B522E1267F3"},{"resourceId":"sid-07720403-A435-485C-8E60-6B0D7DB21F7A"}],"bounds":{"lowerRight":{"x":880.066043630704,"y":161.14527027027026},"upperLeft":{"x":840.066043630704,"y":121.14527027027025}},"dockers":[]},{"resourceId":"sid-3F187DAF-B4DF-413C-A93B-4524C60E5074","properties":{"overrideid":"","name":"Enviar certificado","documentation":"","asynchronousdefinition":"false","exclusivedefinition":"false","executionlisteners":"","multiinstance_type":"None","multiinstance_cardinality":"","multiinstance_collection":"","multiinstance_variable":"","multiinstance_condition":"","isforcompensation":"false","mailtaskto":"${correoElectronico}","mailtaskfrom":"","mailtasksubject":"Solicitud-Finalizada","mailtaskcc":"","mailtaskbcc":"","mailtasktext":"","mailtaskhtml":"<html>\n<body lang=ES-GT>\n<div class=WordSection1>\n\n<h1><span lang=EN-US>Saludos estimado estudiante:</span></h1>\n<h3>${primerNombre} ${primerApellido}</h3> \t\n<br>\n\n<p class=MsoNormal>Su solicitud de inscripción ha sido concreta  satisfactoriamente, y el estado acual es: <b> <span\nstyle='color:#189A2E'>${estadoSolicitud}</span></b></p>\n\n<br>\n\n<p class=MsoNormal><b> <span\nstyle='color:#FF4500'>NOTA: </span></b>Se adjunta su certificado de inscripción para los fines administrativos requeridos.</p>\n<br>\n<p class=MsoNormal><b> <span\nstyle='color:#189BCB'>CERTIFICADO INSCRIPCIÓN: </span></b> <a href=\"http://104.198.167.252:4200/constancia/${docCertificado}\">Certificado.pdf</a></p>\n</div>\n</body>\n\n</html>","mailtaskcharset":"","type":"http://b3mn.org/stencilset/bpmn2.0#UserTask","usertasksendemail":true,"usertaskassignment":"","formkeydefinition":"","formreference":"","fieldstovariables":"","duedatedefinition":"","prioritydefinition":"","categorydefinition":"","formproperties":"","tasklisteners":"","emailtemplate":""},"stencil":{"id":"MailTask"},"childShapes":[],"outgoing":[{"resourceId":"sid-4164EB05-9AF5-47B0-8E8C-83E79616E844"}],"bounds":{"lowerRight":{"x":505.06604363070403,"y":280.76446088089625},"upperLeft":{"x":405.06604363070403,"y":200.76446088089625}},"dockers":[]},{"resourceId":"sid-FDD6A36E-11D4-49B4-9CD3-91B035F9D694","properties":{"overrideid":"","name":"Actualizar estado solicitud","documentation":"","restcalltask_endpoint":{"http_method":"POST","endpoint_config":{"id":1,"tenantId":1,"name":"API-REST-INS","protocol":"HTTP","host":"192.168.1.22","port":"3000","path":"/api","basicAuthId":null,"basicAuthName":null,"requestHeaders":null},"rest_url":"solicitudes/actualizar/estado"},"restcalltask_request_mapping":[{"jsonPropertyName":"idSolicitud","jsonPropertyType":"string","jsonPropertyValueRestResponseField":{"id":"idSolicitud","name":"idSolicitud","type":"string"},"jsonPropertyValueType":"restResponse","$$hashKey":"uiGrid-0087"},{"jsonPropertyName":"estadoSolicitud","jsonPropertyType":"string","jsonPropertyValueRestResponseField":{"id":"estadoSolicitud","name":"estadoSolicitud","type":"string"},"jsonPropertyValueType":"restResponse","$$hashKey":"uiGrid-0089"}],"restcalltask_response_mapping":[{"processVariableType":"boolean","$$hashKey":"uiGrid-005N","jsonPropertyName":"actualizoEstado","processVariableName":"actualizoEstado"}],"restcalltask_request_headers":"","type":"http://b3mn.org/stencilset/bpmn2.0#UserTask","asynchronousdefinition":"false","exclusivedefinition":"false","executionlisteners":"","multiinstance_type":"None","multiinstance_cardinality":"","multiinstance_collection":"","multiinstance_variable":"","multiinstance_condition":"","isforcompensation":"false","usertasksendemail":true,"usertaskassignment":"","formkeydefinition":"","formreference":"","fieldstovariables":"","duedatedefinition":"","prioritydefinition":"","categorydefinition":"","formproperties":"","tasklisteners":"","emailtemplate":""},"stencil":{"id":"RestCallTask"},"childShapes":[],"outgoing":[{"resourceId":"sid-F902D834-6EC7-4EF0-A17D-DB38F9169E62"}],"bounds":{"lowerRight":{"x":505.06604363070403,"y":113.71067496495729},"upperLeft":{"x":405.06604363070403,"y":33.71067496495729}},"dockers":[]},{"resourceId":"sid-102F75ED-719C-4AEA-805C-36A1B9CB4238","properties":{"overrideid":"","name":"","documentation":"","executionlisteners":""},"stencil":{"id":"EndNoneEvent"},"childShapes":[],"outgoing":[],"bounds":{"lowerRight":{"x":299.56604363070403,"y":284.14527027027026},"upperLeft":{"x":271.56604363070403,"y":256.14527027027026}},"dockers":[]},{"resourceId":"sid-16CCF56F-4711-4266-96D5-67C32A2E194C","properties":{"overrideid":"","name":"Almacenar datos estudainte","documentation":"","restcalltask_endpoint":{"http_method":"POST","endpoint_config":{"id":1,"tenantId":1,"name":"API-REST-INS","protocol":"HTTP","host":"192.168.1.22","port":"3000","path":"/api","basicAuthId":null,"basicAuthName":null,"requestHeaders":null},"rest_url":"/estudiantes/crear"},"restcalltask_request_mapping":[{"jsonPropertyName":"numeroId","jsonPropertyType":"string","jsonPropertyValueFormField":{"fieldType":"FormFieldRepresentation","id":"numeroId","name":"Número ID","type":"integer","value":null,"required":true,"readOnly":false,"overrideId":true,"colspan":1,"placeholder":null,"minLength":0,"maxLength":0,"minValue":null,"maxValue":null,"regexPattern":null,"optionType":null,"hasEmptyValue":null,"options":null,"restUrl":null,"restResponsePath":null,"restIdProperty":null,"restLabelProperty":null,"tab":"tab1","className":null,"params":{"existingColspan":1,"maxColspan":2},"dateDisplayFormat":null,"layout":{"row":-1,"column":-1,"colspan":1},"sizeX":1,"sizeY":1,"row":-1,"col":-1,"visibilityCondition":null,"$$hashKey":"object:1816"},"jsonPropertyValueType":"field","$$hashKey":"uiGrid-0007"},{"jsonPropertyName":"numeroCui","jsonPropertyType":"string","jsonPropertyValueFormField":{"fieldType":"FormFieldRepresentation","id":"numeroCui","name":"Número CUI","type":"integer","value":null,"required":false,"readOnly":false,"overrideId":true,"colspan":1,"placeholder":null,"minLength":0,"maxLength":0,"minValue":null,"maxValue":null,"regexPattern":null,"optionType":null,"hasEmptyValue":null,"options":null,"restUrl":null,"restResponsePath":null,"restIdProperty":null,"restLabelProperty":null,"tab":"tab1","className":null,"params":{"existingColspan":1,"maxColspan":2},"dateDisplayFormat":null,"layout":{"row":-1,"column":-1,"colspan":1},"sizeX":1,"sizeY":1,"row":-1,"col":-1,"visibilityCondition":null,"$$hashKey":"object:1814"},"jsonPropertyValueType":"field","$$hashKey":"uiGrid-0009"},{"jsonPropertyName":"primerNombre","jsonPropertyType":"string","jsonPropertyValueFormField":{"fieldType":"FormFieldRepresentation","id":"primerNombre","name":"Primer Nombre","type":"text","value":null,"required":true,"readOnly":false,"overrideId":true,"colspan":1,"placeholder":null,"minLength":0,"maxLength":0,"minValue":null,"maxValue":null,"regexPattern":null,"optionType":null,"hasEmptyValue":null,"options":null,"restUrl":null,"restResponsePath":null,"restIdProperty":null,"restLabelProperty":null,"tab":"tab1","className":null,"params":{"existingColspan":1,"maxColspan":2},"dateDisplayFormat":null,"layout":{"row":-1,"column":-1,"colspan":1},"sizeX":1,"sizeY":1,"row":-1,"col":-1,"visibilityCondition":null,"$$hashKey":"object:1818"},"jsonPropertyValueType":"field","$$hashKey":"uiGrid-000B"},{"jsonPropertyName":"segundoNombre","jsonPropertyType":"string","jsonPropertyValueFormField":{"fieldType":"FormFieldRepresentation","id":"segundoNombre","name":"Segundo Nombre","type":"text","value":null,"required":false,"readOnly":false,"overrideId":true,"colspan":1,"placeholder":null,"minLength":0,"maxLength":0,"minValue":null,"maxValue":null,"regexPattern":null,"optionType":null,"hasEmptyValue":null,"options":null,"restUrl":null,"restResponsePath":null,"restIdProperty":null,"restLabelProperty":null,"tab":"tab1","className":null,"params":{"existingColspan":1,"maxColspan":2},"dateDisplayFormat":null,"layout":{"row":-1,"column":-1,"colspan":1},"sizeX":1,"sizeY":1,"row":-1,"col":-1,"visibilityCondition":null,"$$hashKey":"object:1820"},"jsonPropertyValueType":"field","$$hashKey":"uiGrid-000D"},{"jsonPropertyName":"primerApellido","jsonPropertyType":"string","jsonPropertyValueFormField":{"fieldType":"FormFieldRepresentation","id":"primerApellido","name":"Primer Apellido","type":"text","value":null,"required":true,"readOnly":false,"overrideId":true,"colspan":1,"placeholder":null,"minLength":0,"maxLength":0,"minValue":null,"maxValue":null,"regexPattern":null,"optionType":null,"hasEmptyValue":null,"options":null,"restUrl":null,"restResponsePath":null,"restIdProperty":null,"restLabelProperty":null,"tab":"tab1","className":null,"params":{"existingColspan":1,"maxColspan":2},"dateDisplayFormat":null,"layout":{"row":-1,"column":-1,"colspan":1},"sizeX":1,"sizeY":1,"row":-1,"col":-1,"visibilityCondition":null,"$$hashKey":"object:1817"},"jsonPropertyValueType":"field","$$hashKey":"uiGrid-000F"},{"jsonPropertyName":"segundoApellido","jsonPropertyType":"string","jsonPropertyValueFormField":{"fieldType":"FormFieldRepresentation","id":"segundoApellido","name":"Segundo Apellido","type":"text","value":null,"required":false,"readOnly":false,"overrideId":true,"colspan":1,"placeholder":null,"minLength":0,"maxLength":0,"minValue":null,"maxValue":null,"regexPattern":null,"optionType":null,"hasEmptyValue":null,"options":null,"restUrl":null,"restResponsePath":null,"restIdProperty":null,"restLabelProperty":null,"tab":"tab1","className":null,"params":{"existingColspan":1,"maxColspan":2},"dateDisplayFormat":null,"layout":{"row":-1,"column":-1,"colspan":1},"sizeX":1,"sizeY":1,"row":-1,"col":-1,"visibilityCondition":null,"$$hashKey":"object:1819"},"jsonPropertyValueType":"field","$$hashKey":"uiGrid-000H"},{"jsonPropertyName":"numTelefono","jsonPropertyType":"string","jsonPropertyValueFormField":{"fieldType":"FormFieldRepresentation","id":"numeroTelefono","name":"Número de teléfono","type":"integer","value":null,"required":false,"readOnly":false,"overrideId":true,"colspan":1,"placeholder":null,"minLength":0,"maxLength":0,"minValue":null,"maxValue":null,"regexPattern":null,"optionType":null,"hasEmptyValue":null,"options":null,"restUrl":null,"restResponsePath":null,"restIdProperty":null,"restLabelProperty":null,"tab":"tab1","className":null,"params":{"existingColspan":1,"maxColspan":2},"dateDisplayFormat":null,"layout":{"row":-1,"column":-1,"colspan":1},"sizeX":1,"sizeY":1,"row":-1,"col":-1,"visibilityCondition":null,"$$hashKey":"object:1815"},"jsonPropertyValueType":"field","$$hashKey":"uiGrid-000J"},{"jsonPropertyType":"string","$$hashKey":"uiGrid-001F","jsonPropertyValueType":"restResponse","jsonPropertyValueRestResponseField":{"id":"idSolicitud","name":"idSolicitud","type":"string","$$hashKey":"object:540"},"jsonPropertyName":"idSolicitud"}],"restcalltask_response_mapping":[{"jsonPropertyName":"guardoEstudiante","processVariableName":"creoEstudiante","processVariableType":"boolean","$$hashKey":"uiGrid-001R"}],"restcalltask_request_headers":"","type":"http://b3mn.org/stencilset/bpmn2.0#UserTask","asynchronousdefinition":"false","exclusivedefinition":"false","executionlisteners":"","multiinstance_type":"None","multiinstance_cardinality":"","multiinstance_collection":"","multiinstance_variable":"","multiinstance_condition":"","isforcompensation":"false","usertasksendemail":true,"usertaskassignment":"","formkeydefinition":"","formreference":"","fieldstovariables":"","duedatedefinition":"","prioritydefinition":"","categorydefinition":"","formproperties":"","tasklisteners":"","emailtemplate":""},"stencil":{"id":"RestCallTask"},"childShapes":[],"outgoing":[{"resourceId":"sid-E18A2BB2-7E81-427E-88B1-B15F86E0D84E"}],"bounds":{"lowerRight":{"x":205.06604363070403,"y":113.71067496495729},"upperLeft":{"x":105.06604363070403,"y":33.71067496495729}},"dockers":[]},{"resourceId":"sid-A0628E6E-F9D0-4415-8EE1-361B8304A1C9","properties":{"overrideid":"","name":"","documentation":"","asynchronousdefinition":"false","exclusivedefinition":"false","sequencefloworder":""},"stencil":{"id":"ExclusiveGateway"},"childShapes":[],"outgoing":[{"resourceId":"sid-A1A02999-3C50-4FF4-BC94-B9A70FE09A85"},{"resourceId":"sid-76DCB3CA-45F7-4C46-8D66-1AC8BD7D783A"}],"bounds":{"lowerRight":{"x":305.56604363070403,"y":93.71067496495726},"upperLeft":{"x":265.56604363070403,"y":53.71067496495726}},"dockers":[]},{"resourceId":"sid-5C1B52BC-C37E-4B63-93F8-94943223B169","properties":{"overrideid":"","name":"","documentation":"","asynchronousdefinition":"false","exclusivedefinition":"false","sequencefloworder":""},"stencil":{"id":"ExclusiveGateway"},"childShapes":[],"outgoing":[{"resourceId":"sid-914BE573-78B9-49F0-A933-19101EC38C35"},{"resourceId":"sid-AFC6242E-2B4E-4937-949D-97A07C88ED0D"}],"bounds":{"lowerRight":{"x":175.06604363070403,"y":216.6452702702703},"upperLeft":{"x":135.06604363070403,"y":176.6452702702703}},"dockers":[]},{"resourceId":"sid-2A6467B5-37DA-48D3-9E14-A1FD1CD1B2DB","properties":{"overrideid":"","name":"Tiempo intermedio 1","documentation":"","executionlisteners":"","timercycledefinition":"","timerdatedefinition":"","timerdurationdefinition":"PT5M"},"stencil":{"id":"CatchTimerEvent"},"childShapes":[],"outgoing":[{"resourceId":"sid-1760BC29-4933-44CF-867E-8398759C3D53"}],"bounds":{"lowerRight":{"x":301.06604363070403,"y":212.14527027027026},"upperLeft":{"x":270.06604363070403,"y":181.14527027027026}},"dockers":[{"x":285.56604363070403,"y":196.64527027027026}]},{"resourceId":"sid-CC620313-5CF5-42CD-AE91-F920304A4719","properties":{"overrideid":"","name":"Tiempo intermedio 2","documentation":"","executionlisteners":"","timercycledefinition":"","timerdatedefinition":"","timerdurationdefinition":"PT5M"},"stencil":{"id":"CatchTimerEvent"},"childShapes":[],"outgoing":[{"resourceId":"sid-AA76A3A8-6955-4626-9130-BAC588191E26"}],"bounds":{"lowerRight":{"x":91.06604363070403,"y":212.14527027027026},"upperLeft":{"x":60.06604363070403,"y":181.14527027027026}},"dockers":[{"x":75.56604363070403,"y":196.64527027027026}]},{"resourceId":"sid-DC281CCA-E50B-43CF-9C20-CC4EAAAAE66D","properties":{"scriptformat":"groovy","scripttext":"//Actualizamos el etado de la solicitud\nexecution.setVariable('estadoSolicitud', 'SOL-RECHAZADA');","executionvariables":"","overrideid":"","name":"Actualizar Estado","documentation":"","asynchronousdefinition":"false","exclusivedefinition":"false","executionlisteners":"","multiinstance_type":"None","multiinstance_cardinality":"","multiinstance_collection":"","multiinstance_variable":"","multiinstance_condition":"","isforcompensation":"false"},"stencil":{"id":"ScriptTask"},"childShapes":[],"outgoing":[{"resourceId":"sid-F1615F23-1679-4340-A907-A0B4372489FB"}],"bounds":{"lowerRight":{"x":975.066043630704,"y":76.14527027027026},"upperLeft":{"x":840.066043630704,"y":36.14527027027026}},"dockers":[]},{"resourceId":"sid-FED08E93-F749-484F-B458-E4AF21EE86E7","properties":{"scriptformat":"groovy","scripttext":"//Actualizamos el etado de la solicitud\nexecution.setVariable('estadoSolicitud', 'SOL-APROBADA');","executionvariables":"","overrideid":"","name":"Actualizar Estado","documentation":"","asynchronousdefinition":"false","exclusivedefinition":"false","executionlisteners":"","multiinstance_type":"None","multiinstance_cardinality":"","multiinstance_collection":"","multiinstance_variable":"","multiinstance_condition":"","isforcompensation":"false"},"stencil":{"id":"ScriptTask"},"childShapes":[],"outgoing":[{"resourceId":"sid-A05D3350-681C-413B-95D1-602C6DC1D331"}],"bounds":{"lowerRight":{"x":999.0660436307039,"y":260.76446088089625},"upperLeft":{"x":855.066043630704,"y":220.76446088089625}},"dockers":[]},{"resourceId":"sid-AF10689A-3329-41FF-AF98-224A6293885F","properties":{"scriptformat":"groovy","scripttext":"//Actualizamos el etado de la solicitud\nexecution.setVariable('estadoSolicitud', 'SOL-FINALIZADA');","executionvariables":"","overrideid":"","name":"Actualizar Estado","documentation":"","asynchronousdefinition":"false","exclusivedefinition":"false","executionlisteners":"","multiinstance_type":"None","multiinstance_cardinality":"","multiinstance_collection":"","multiinstance_variable":"","multiinstance_condition":"","isforcompensation":"false"},"stencil":{"id":"ScriptTask"},"childShapes":[],"outgoing":[{"resourceId":"sid-311FF6F2-8BA6-488A-B27E-83D4A43F014F"}],"bounds":{"lowerRight":{"x":225.56604363070403,"y":290.14527027027026},"upperLeft":{"x":84.56604363070403,"y":250.14527027027026}},"dockers":[]},{"resourceId":"sid-AC4EE1DA-2212-4FCA-95B4-6ADBDAEF955D","properties":{"overrideid":"","name":"Recuperar nodeId Constancia","documentation":"","alfresco_get_metadata":{"source":"field","inputSourceField":"docCertificado","publishInfo":{"publishAsType":"process_initiator"},"metaDataColumnDefinitions":[{"fileProperty":"id","propertyType":"string","propertyValueType":"variable","processVariable":{"id":"nodeIdSolicitud","name":"nodeIdSolicitud","type":"string"},"$$hashKey":"uiGrid-003A"}]}},"stencil":{"id":"GetMetadataFromAlfrescoCloudTask"},"childShapes":[],"outgoing":[{"resourceId":"sid-DDC3AF94-7C87-4037-B81F-39CC6D5F46B7"}],"bounds":{"lowerRight":{"x":688.8082371787041,"y":161.14527027027026},"upperLeft":{"x":521.566043630704,"y":121.14527027027026}},"dockers":[]}],"outgoing":[],"bounds":{"lowerRight":{"x":1148.7358254771839,"y":676},"upperLeft":{"x":30,"y":358.85472972972974}},"dockers":[]}],"outgoing":[],"bounds":{"lowerRight":{"x":1178.66978184648,"y":676},"upperLeft":{"x":29.93395636929597,"y":0}},"dockers":[]},{"resourceId":"sid-B975064E-A9BD-4BA2-98A3-9A56463F0E2E","properties":{"overrideid":"","name":"","documentation":"","conditionsequenceflow":"","executionlisteners":"","defaultflow":"false","showdiamondmarker":false},"stencil":{"id":"SequenceFlow"},"childShapes":[],"outgoing":[{"resourceId":"sid-651D7CBD-FF14-448C-983A-AB451C2A6034"}],"bounds":{"lowerRight":{"x":604.3018691078879,"y":258.03143475506755},"upperLeft":{"x":604.3018691078879,"y":193.0283730996622}},"dockers":[{"x":50,"y":40},{"x":14,"y":14}],"target":{"resourceId":"sid-651D7CBD-FF14-448C-983A-AB451C2A6034"}},{"resourceId":"sid-74F1558F-7DD6-42BF-AADB-00E84C02E8F1","properties":{"overrideid":"","name":"","documentation":"","conditionsequenceflow":"","executionlisteners":"","defaultflow":"false"},"stencil":{"id":"SequenceFlow"},"childShapes":[],"outgoing":[{"resourceId":"sid-A8F40AB6-3784-4198-AEFB-9EFD544FC2A8"}],"bounds":{"lowerRight":{"x":229.93395636929597,"y":257.8698268581081},"upperLeft":{"x":229.93395636929597,"y":129.0474028716216}},"dockers":[{"x":50,"y":40},{"x":50,"y":40}],"target":{"resourceId":"sid-A8F40AB6-3784-4198-AEFB-9EFD544FC2A8"}},{"resourceId":"sid-B1FCD796-21E3-48D1-8C75-AE5FF42272E9","properties":{"overrideid":"","name":"","documentation":"","conditionsequenceflow":"","executionlisteners":"","defaultflow":"false"},"stencil":{"id":"SequenceFlow"},"childShapes":[],"outgoing":[{"resourceId":"sid-3ACE1023-93C2-49AD-B6D7-5696F313200D"}],"bounds":{"lowerRight":{"x":179.12926886929597,"y":88.80067567567568},"upperLeft":{"x":120.58239386929597,"y":88.80067567567568}},"dockers":[{"x":15,"y":15},{"x":50,"y":40}],"target":{"resourceId":"sid-3ACE1023-93C2-49AD-B6D7-5696F313200D"}},{"resourceId":"sid-AA76A3A8-6955-4626-9130-BAC588191E26","properties":{"overrideid":"","name":"","documentation":"","conditionsequenceflow":"","executionlisteners":"","defaultflow":"false"},"stencil":{"id":"SequenceFlow"},"childShapes":[],"outgoing":[{"resourceId":"sid-16CCF56F-4711-4266-96D5-67C32A2E194C"}],"bounds":{"lowerRight":{"x":189.15624980455542,"y":542.6214082730841},"upperLeft":{"x":144.56250019544458,"y":472.94531414464024}},"dockers":[{"x":16,"y":16},{"x":50,"y":40}],"target":{"resourceId":"sid-16CCF56F-4711-4266-96D5-67C32A2E194C"}},{"resourceId":"sid-AFC6242E-2B4E-4937-949D-97A07C88ED0D","properties":{"overrideid":"","name":"","documentation":"","conditionsequenceflow":{"expression":{"type":"variables","leftRestResponseId":"creoEstudiante","operator":"==","rightValue":"false"}},"executionlisteners":"","defaultflow":"false"},"stencil":{"id":"SequenceFlow"},"childShapes":[],"outgoing":[{"resourceId":"sid-CC620313-5CF5-42CD-AE91-F920304A4719"}],"bounds":{"lowerRight":{"x":194.5000195306778,"y":555.8687501220668},"upperLeft":{"x":151.4999804693222,"y":555.5999998779332}},"dockers":[{"x":20.5,"y":20.5},{"x":15.5,"y":15.5}],"target":{"resourceId":"sid-CC620313-5CF5-42CD-AE91-F920304A4719"}},{"resourceId":"sid-EB3C6051-5B90-42E5-89F9-A5642751633D","properties":{"overrideid":"","name":"","documentation":"","conditionsequenceflow":"","executionlisteners":"","defaultflow":"false","showdiamondmarker":false},"stencil":{"id":"SequenceFlow"},"childShapes":[],"outgoing":[{"resourceId":"sid-4859ABCC-625D-42B2-B5B1-C0A427C47855"}],"bounds":{"lowerRight":{"x":375.46653598895506,"y":298.11655405405406},"upperLeft":{"x":280.35962806640316,"y":298.11655405405406}},"dockers":[{"x":50,"y":40},{"x":3.792449951171875,"y":20}],"target":{"resourceId":"sid-4859ABCC-625D-42B2-B5B1-C0A427C47855"}},{"resourceId":"sid-1886AEC2-1468-46F0-8538-75C74B0B38E1","properties":{"overrideid":"","name":"","documentation":"","conditionsequenceflow":"","executionlisteners":"","defaultflow":"false"},"stencil":{"id":"SequenceFlow"},"childShapes":[],"outgoing":[{"resourceId":"sid-676E7ECC-3242-482E-9214-7D9DE365A604"}],"bounds":{"lowerRight":{"x":395,"y":164.90952280405403},"upperLeft":{"x":395,"y":129.12618771114865}},"dockers":[{"x":72,"y":22.5},{"x":50,"y":40}],"target":{"resourceId":"sid-676E7ECC-3242-482E-9214-7D9DE365A604"}},{"resourceId":"sid-F8CEF6D5-ACA7-467E-9727-3528A0AD2138","properties":{"overrideid":"","name":"No existe sol","documentation":"","conditionsequenceflow":{"expression":{"type":"variables","leftRestResponseId":"solicitudValida","operator":"==","rightValue":"true"}},"executionlisteners":null,"defaultflow":"false","showdiamondmarker":false},"stencil":{"id":"SequenceFlow"},"childShapes":[],"outgoing":[{"resourceId":"sid-9A98E00C-60A4-499C-8A5C-1AEC8E50D0E3"}],"bounds":{"lowerRight":{"x":536.1509399414062,"y":278.46230216877285},"upperLeft":{"x":396.9879890505386,"y":187.5}},"dockers":[{"x":21.15093994140625,"y":0.8928758775865617},{"x":536.1509399414062,"y":187.5},{"x":1,"y":22.5}],"target":{"resourceId":"sid-9A98E00C-60A4-499C-8A5C-1AEC8E50D0E3"}},{"resourceId":"sid-A05D3350-681C-413B-95D1-602C6DC1D331","properties":{"overrideid":"","name":"","documentation":"","conditionsequenceflow":"","executionlisteners":"","defaultflow":"false"},"stencil":{"id":"SequenceFlow"},"childShapes":[],"outgoing":[{"resourceId":"sid-4F9D098F-8B7A-4EF6-8E41-2BD25EF26EBF"}],"bounds":{"lowerRight":{"x":914.78125,"y":599.619190610626},"upperLeft":{"x":865.71875,"y":599.619190610626}},"dockers":[{"x":71.99999999999994,"y":20},{"x":50,"y":40.000000000000014}],"target":{"resourceId":"sid-4F9D098F-8B7A-4EF6-8E41-2BD25EF26EBF"}},{"resourceId":"sid-F1615F23-1679-4340-A907-A0B4372489FB","properties":{"overrideid":"","name":"","documentation":"","conditionsequenceflow":"","executionlisteners":"","defaultflow":"false"},"stencil":{"id":"SequenceFlow"},"childShapes":[],"outgoing":[{"resourceId":"sid-E79163D0-61E4-4311-8655-EC2991F8A8F7"}],"bounds":{"lowerRight":{"x":899.244140625,"y":415},"upperLeft":{"x":775.2578125,"y":415}},"dockers":[{"x":67.5,"y":20},{"x":50,"y":40.00000000000001}],"target":{"resourceId":"sid-E79163D0-61E4-4311-8655-EC2991F8A8F7"}},{"resourceId":"sid-4164EB05-9AF5-47B0-8E8C-83E79616E844","properties":{"overrideid":"","name":"","documentation":"","conditionsequenceflow":"","executionlisteners":"","defaultflow":"false"},"stencil":{"id":"SequenceFlow"},"childShapes":[],"outgoing":[{"resourceId":"sid-FDD6A36E-11D4-49B4-9CD3-91B035F9D694"}],"bounds":{"lowerRight":{"x":515,"y":559.4659595365779},"upperLeft":{"x":515,"y":472.7186357687352}},"dockers":[{"x":50,"y":40},{"x":50,"y":40}],"target":{"resourceId":"sid-FDD6A36E-11D4-49B4-9CD3-91B035F9D694"}},{"resourceId":"sid-070D5216-1D14-465E-A328-FCC6330730FF","properties":{"overrideid":"","name":"","documentation":"","conditionsequenceflow":"","executionlisteners":"","defaultflow":"false"},"stencil":{"id":"SequenceFlow"},"childShapes":[],"outgoing":[{"resourceId":"sid-1BCEE9D8-B76B-4528-B1A7-67E5B4E2DB77"}],"bounds":{"lowerRight":{"x":764.8209848789688,"y":599.619190610626},"upperLeft":{"x":715.3001118950313,"y":599.619190610626}},"dockers":[{"x":50,"y":40.000000000000014},{"x":50.121096773999966,"y":40.08374193550001}],"target":{"resourceId":"sid-1BCEE9D8-B76B-4528-B1A7-67E5B4E2DB77"}},{"resourceId":"sid-1760BC29-4933-44CF-867E-8398759C3D53","properties":{"overrideid":"","name":"","documentation":"","conditionsequenceflow":"","executionlisteners":"","defaultflow":"false"},"stencil":{"id":"SequenceFlow"},"childShapes":[],"outgoing":[{"resourceId":"sid-FDD6A36E-11D4-49B4-9CD3-91B035F9D694"}],"bounds":{"lowerRight":{"x":464.6807412741036,"y":546.7311921766625},"upperLeft":{"x":358.6903524758964,"y":469.3176966289732}},"dockers":[{"x":16,"y":16},{"x":50,"y":40}],"target":{"resourceId":"sid-FDD6A36E-11D4-49B4-9CD3-91B035F9D694"}},{"resourceId":"sid-F902D834-6EC7-4EF0-A17D-DB38F9169E62","properties":{"overrideid":"","name":"","documentation":"","conditionsequenceflow":"","executionlisteners":"","defaultflow":"false"},"stencil":{"id":"SequenceFlow"},"childShapes":[],"outgoing":[{"resourceId":"sid-A0628E6E-F9D0-4415-8EE1-361B8304A1C9"}],"bounds":{"lowerRight":{"x":464.4882856265687,"y":433.0077586277538},"upperLeft":{"x":365.4843706234313,"y":432.7148476366202}},"dockers":[{"x":50,"y":40},{"x":20.5,"y":20.5}],"target":{"resourceId":"sid-A0628E6E-F9D0-4415-8EE1-361B8304A1C9"}},{"resourceId":"sid-A1A02999-3C50-4FF4-BC94-B9A70FE09A85","properties":{"overrideid":"","name":"","documentation":"","conditionsequenceflow":{"expression":{"type":"variables","leftRestResponseId":"actualizoEstado","operator":"==","rightValue":"false"}},"executionlisteners":"","defaultflow":"false"},"stencil":{"id":"SequenceFlow"},"childShapes":[],"outgoing":[{"resourceId":"sid-2A6467B5-37DA-48D3-9E14-A1FD1CD1B2DB"}],"bounds":{"lowerRight":{"x":345.91779122098785,"y":540.1522042013189},"upperLeft":{"x":345.56267752901215,"y":453.1958018724819}},"dockers":[{"x":20.5,"y":20.5},{"x":15.5,"y":15.5}],"target":{"resourceId":"sid-2A6467B5-37DA-48D3-9E14-A1FD1CD1B2DB"}},{"resourceId":"sid-76DCB3CA-45F7-4C46-8D66-1AC8BD7D783A","properties":{"overrideid":"","name":"","documentation":"","conditionsequenceflow":{"expression":{"type":"variables","operator":"==","rightValue":"true","leftRestResponseId":"actualizoEstado"}},"executionlisteners":null,"defaultflow":"false"},"stencil":{"id":"SequenceFlow"},"childShapes":[],"outgoing":[{"resourceId":"sid-16CCF56F-4711-4266-96D5-67C32A2E194C"}],"bounds":{"lowerRight":{"x":325.55469478387823,"y":432.9873691785949},"upperLeft":{"x":265.12499271612177,"y":432.7567214607791}},"dockers":[{"x":20.5,"y":20.5},{"x":50,"y":40}],"target":{"resourceId":"sid-16CCF56F-4711-4266-96D5-67C32A2E194C"}},{"resourceId":"sid-E18A2BB2-7E81-427E-88B1-B15F86E0D84E","properties":{"overrideid":"","name":"","documentation":"","conditionsequenceflow":"","executionlisteners":"","defaultflow":"false","showdiamondmarker":false},"stencil":{"id":"SequenceFlow"},"childShapes":[],"outgoing":[{"resourceId":"sid-5C1B52BC-C37E-4B63-93F8-94943223B169"}],"bounds":{"lowerRight":{"x":215.5,"y":535.4925760541531},"upperLeft":{"x":215.5,"y":473.39675451779885}},"dockers":[{"x":50.5,"y":74.25780012429846},{"x":20.5,"y":20.5}],"target":{"resourceId":"sid-5C1B52BC-C37E-4B63-93F8-94943223B169"}},{"resourceId":"sid-311FF6F2-8BA6-488A-B27E-83D4A43F014F","properties":{"overrideid":"","name":"","documentation":"","conditionsequenceflow":"","executionlisteners":"","defaultflow":"false"},"stencil":{"id":"SequenceFlow"},"childShapes":[],"outgoing":[{"resourceId":"sid-102F75ED-719C-4AEA-805C-36A1B9CB4238"}],"bounds":{"lowerRight":{"x":331.24609375,"y":629},"upperLeft":{"x":286.34765625,"y":629}},"dockers":[{"x":70.5,"y":20},{"x":14,"y":14}],"target":{"resourceId":"sid-102F75ED-719C-4AEA-805C-36A1B9CB4238"}},{"resourceId":"sid-914BE573-78B9-49F0-A933-19101EC38C35","properties":{"overrideid":"","name":"","documentation":"","conditionsequenceflow":{"expression":{"type":"variables","leftRestResponseId":"creoEstudiante","operator":"==","rightValue":"true"}},"executionlisteners":null,"defaultflow":"false","showdiamondmarker":false},"stencil":{"id":"SequenceFlow"},"childShapes":[],"outgoing":[{"resourceId":"sid-AF10689A-3329-41FF-AF98-224A6293885F"}],"bounds":{"lowerRight":{"x":215.31886613763135,"y":608.1562928641848},"upperLeft":{"x":215.01707136236865,"y":575.5624571358152}},"dockers":[{"x":20.5,"y":20.5},{"x":70.5,"y":0.9999999999999999}],"target":{"resourceId":"sid-AF10689A-3329-41FF-AF98-224A6293885F"}},{"resourceId":"sid-C80B3956-E300-4CCA-80FA-DB18B45B1DF3","properties":{"overrideid":"","name":"","documentation":"","conditionsequenceflow":"","executionlisteners":"","defaultflow":"false","showdiamondmarker":false},"stencil":{"id":"SequenceFlow"},"childShapes":[],"outgoing":[{"resourceId":"sid-A97C3805-536A-4A77-A519-1C4E0AA3498D"}],"bounds":{"lowerRight":{"x":704.4892589568697,"y":89.26888938060286},"upperLeft":{"x":445.05859260563034,"y":88.8764072832485}},"dockers":[{"x":50,"y":40},{"x":20.5,"y":20.5}],"target":{"resourceId":"sid-A97C3805-536A-4A77-A519-1C4E0AA3498D"}},{"resourceId":"sid-D01B4B8D-DD7D-440C-908A-46FA4DBA5726","properties":{"overrideid":"","name":"","documentation":"","conditionsequenceflow":"","executionlisteners":"","defaultflow":"false","showdiamondmarker":false},"stencil":{"id":"SequenceFlow"},"childShapes":[],"outgoing":[{"resourceId":"sid-A97C3805-536A-4A77-A519-1C4E0AA3498D"}],"bounds":{"lowerRight":{"x":724.4872173237217,"y":374.8878380494003},"upperLeft":{"x":721.0440326762783,"y":105.54648430777748}},"dockers":[{"x":50,"y":40.00000000000001},{"x":16,"y":33.30137510557432}],"target":{"resourceId":"sid-A97C3805-536A-4A77-A519-1C4E0AA3498D"}},{"resourceId":"sid-AAAF8230-9FC5-4BEC-9BC2-562E253E763F","properties":{"overrideid":"","name":"","documentation":"","conditionsequenceflow":"","executionlisteners":"","defaultflow":"false"},"stencil":{"id":"SequenceFlow"},"childShapes":[],"outgoing":[{"resourceId":"sid-D78BC66D-5EB1-4A46-9760-868BE0E1AFD0"}],"bounds":{"lowerRight":{"x":824.9453180927317,"y":89.23483121277512},"upperLeft":{"x":745.1874944072683,"y":88.96808263857623}},"dockers":[{"x":20.5,"y":20.499999999999993},{"x":50,"y":40}],"target":{"resourceId":"sid-D78BC66D-5EB1-4A46-9760-868BE0E1AFD0"}},{"resourceId":"sid-FB7C09B8-F4E9-47EF-A16B-B8EC81136E15","properties":{"overrideid":"","name":"Existe sol","documentation":"","conditionsequenceflow":{"expression":{"type":"variables","leftRestResponseId":"solicitudValida","operator":"==","rightValue":"false"}},"executionlisteners":"","defaultflow":"false"},"stencil":{"id":"SequenceFlow"},"childShapes":[],"outgoing":[{"resourceId":"sid-807C1A41-D74C-44DF-8FAB-0C405895760D"}],"bounds":{"lowerRight":{"x":553.5483016016011,"y":298.56923757134007},"upperLeft":{"x":415.25954006058464,"y":298.23808928676806}},"dockers":[{"x":20.5,"y":20.5},{"x":50,"y":40}],"target":{"resourceId":"sid-807C1A41-D74C-44DF-8FAB-0C405895760D"}},{"resourceId":"sid-567FBB68-9637-4C7D-BC7C-B2491115CB2B","properties":{"overrideid":"","name":"","documentation":"","conditionsequenceflow":"","executionlisteners":"","defaultflow":"false","showdiamondmarker":false},"stencil":{"id":"SequenceFlow"},"childShapes":[],"outgoing":[{"resourceId":"sid-5B5A3225-8590-4728-A299-3E42B8A6D998"}],"bounds":{"lowerRight":{"x":944.7143060810013,"y":266.65703083789214},"upperLeft":{"x":887.5083501689987,"y":224.53046916210786}},"dockers":[{"x":49.99999999999994,"y":40},{"x":20.5,"y":20.5}],"target":{"resourceId":"sid-5B5A3225-8590-4728-A299-3E42B8A6D998"}},{"resourceId":"sid-DFC76E8E-71AF-46A6-A683-F671416556CF","properties":{"overrideid":"","name":"Error en servicio","documentation":"","conditionsequenceflow":{"expression":{"type":"variables","leftRestResponseId":"guardoSolicitud","operator":"==","rightValue":"false"}},"executionlisteners":"","defaultflow":"false","showdiamondmarker":false},"stencil":{"id":"SequenceFlow"},"childShapes":[],"outgoing":[{"resourceId":"sid-A97C3805-536A-4A77-A519-1C4E0AA3498D"}],"bounds":{"lowerRight":{"x":860.3029724885473,"y":269.8463818929376},"upperLeft":{"x":734.2223513792505,"y":100.982785206129}},"dockers":[{"x":9.15087890625,"y":19.999999567808118},{"x":20.5,"y":20.5}],"target":{"resourceId":"sid-A97C3805-536A-4A77-A519-1C4E0AA3498D"}},{"resourceId":"sid-BCBB16C3-B986-439F-B286-07EC6DD62BA2","properties":{"overrideid":"","name":"","documentation":"","conditionsequenceflow":"","executionlisteners":"","defaultflow":"false","showdiamondmarker":false},"stencil":{"id":"SequenceFlow"},"childShapes":[],"outgoing":[{"resourceId":"sid-D059CDD9-47DC-4543-94E2-D9881435FEEA"}],"bounds":{"lowerRight":{"x":1049.655317112554,"y":500.5},"upperLeft":{"x":940.5015434427162,"y":500.5}},"dockers":[{"x":10.1556396484375,"y":40.50000000000001},{"x":38.55151118912784,"y":20.5}],"target":{"resourceId":"sid-D059CDD9-47DC-4543-94E2-D9881435FEEA"}},{"resourceId":"sid-685BD0B3-F6D6-4915-B011-1B522E1267F3","properties":{"overrideid":"","name":"","documentation":"","conditionsequenceflow":{"expression":{"type":"variables","leftFormFieldId":"aproboSolicitud","operator":"==","rightValue":"false"}},"executionlisteners":null,"defaultflow":"false","showdiamondmarker":false},"stencil":{"id":"SequenceFlow"},"childShapes":[],"outgoing":[{"resourceId":"sid-DC281CCA-E50B-43CF-9C20-CC4EAAAAE66D"}],"bounds":{"lowerRight":{"x":966.5556472737452,"y":488.25368510540545},"upperLeft":{"x":929.1552902262548,"y":435.33615864459455}},"dockers":[{"x":20.5,"y":20.500000000000014},{"x":67.5,"y":39}],"target":{"resourceId":"sid-DC281CCA-E50B-43CF-9C20-CC4EAAAAE66D"}},{"resourceId":"sid-07720403-A435-485C-8E60-6B0D7DB21F7A","properties":{"overrideid":"","name":"","documentation":"","conditionsequenceflow":{"expression":{"type":"variables","operator":"==","rightValue":"true","leftFormFieldId":"aproboSolicitud"}},"executionlisteners":null,"defaultflow":"false","showdiamondmarker":false},"stencil":{"id":"SequenceFlow"},"childShapes":[],"outgoing":[{"resourceId":"sid-FED08E93-F749-484F-B458-E4AF21EE86E7"}],"bounds":{"lowerRight":{"x":985.8417932318425,"y":579.2237832598813},"upperLeft":{"x":929.4511755181575,"y":511.2843750004274}},"dockers":[{"x":20.5,"y":20.500000000000014},{"x":72,"y":1}],"target":{"resourceId":"sid-FED08E93-F749-484F-B458-E4AF21EE86E7"}},{"resourceId":"sid-085159B7-6803-4BD1-8509-EF3A12411F81","properties":{"overrideid":"","name":"","documentation":"","conditionsequenceflow":"","executionlisteners":"","defaultflow":"false","showdiamondmarker":false},"stencil":{"id":"SequenceFlow"},"childShapes":[],"outgoing":[{"resourceId":"sid-AC4EE1DA-2212-4FCA-95B4-6ADBDAEF955D"}],"bounds":{"lowerRight":{"x":665.3065118568989,"y":558.9941937996533},"upperLeft":{"x":665.2752547448875,"y":520.5068513368386}},"dockers":[{"x":50.242193547999996,"y":40.16748387100001},{"x":83.82313235800439,"y":20.0417834919877}],"target":{"resourceId":"sid-AC4EE1DA-2212-4FCA-95B4-6ADBDAEF955D"}},{"resourceId":"sid-DDC3AF94-7C87-4037-B81F-39CC6D5F46B7","properties":{"overrideid":"","name":"","documentation":"","conditionsequenceflow":"","executionlisteners":"","defaultflow":"false"},"stencil":{"id":"SequenceFlow"},"childShapes":[],"outgoing":[{"resourceId":"sid-3F187DAF-B4DF-413C-A93B-4524C60E5074"}],"bounds":{"lowerRight":{"x":635.1294657844297,"y":566.3931057524782},"upperLeft":{"x":565.1584575898723,"y":520.0427439671915}},"dockers":[{"x":83.82313235800437,"y":20.041783491987726},{"x":50,"y":40}],"target":{"resourceId":"sid-3F187DAF-B4DF-413C-A93B-4524C60E5074"}},{"resourceId":"sid-BF7CFE34-8CFA-4A96-ACCC-104F89081752","properties":{"overrideid":"","name":"","documentation":"","conditionsequenceflow":"","executionlisteners":"","defaultflow":"false","showdiamondmarker":false},"stencil":{"id":"SequenceFlow"},"childShapes":[],"outgoing":[{"resourceId":"sid-C931AF09-80B9-4558-A6F0-98FDDB882FF3"}],"bounds":{"lowerRight":{"x":1080.750012161958,"y":90.8006752434838},"upperLeft":{"x":925.2183946341153,"y":90.13983257653231}},"dockers":[{"x":50,"y":40},{"x":950,"y":90.8006752434838},{"x":6.0000125542792375,"y":21.999999567808118}],"target":{"resourceId":"sid-C931AF09-80B9-4558-A6F0-98FDDB882FF3"}},{"resourceId":"sid-18AF6F91-99B0-4C9C-9B6C-D6968F8CD60D","properties":{"overrideid":"","name":"Servicio Correcto","documentation":"","conditionsequenceflow":{"expression":{"type":"variables","leftRestResponseId":"guardoSolicitud","operator":"==","rightValue":"true"}},"executionlisteners":"","defaultflow":"false","showdiamondmarker":false},"stencil":{"id":"SequenceFlow"},"childShapes":[],"outgoing":[{"resourceId":"sid-3E14546A-78F1-49F4-8D89-83F16EBB890E"}],"bounds":{"lowerRight":{"x":1080.2209200592315,"y":297.7473064756135},"upperLeft":{"x":881.5318401126588,"y":289.2306478248963}},"dockers":[{"x":21.15093994140625,"y":33.99999956780812},{"x":20.50000000000006,"y":20.5}],"target":{"resourceId":"sid-3E14546A-78F1-49F4-8D89-83F16EBB890E"}},{"resourceId":"sid-E0C69BA8-679B-4157-8D9E-91888D6A30A6","properties":{"overrideid":"","name":"","documentation":"","conditionsequenceflow":"","executionlisteners":"","defaultflow":"false"},"stencil":{"id":"SequenceFlow"},"childShapes":[],"outgoing":[{"resourceId":"sid-D50E6568-8D31-4605-9E0B-6AA8818C6476"}],"bounds":{"lowerRight":{"x":1100.4506421819285,"y":459.6672987958801},"upperLeft":{"x":1100.1001390680715,"y":318.4962490292889}},"dockers":[{"x":20.50000000000006,"y":20.5},{"x":49.99999999999994,"y":40.00000000000001}],"target":{"resourceId":"sid-D50E6568-8D31-4605-9E0B-6AA8818C6476"}},{"resourceId":"sid-D82545C5-2582-47A9-B5D8-DBD0A68AAD6C","properties":{"overrideid":"","name":"","documentation":"","conditionsequenceflow":{"expression":{"type":"variables","leftRestResponseId":"estadoSolicitud","operator":"==","rightValue":"SOL-INICIDA"}},"executionlisteners":"","defaultflow":"false","showdiamondmarker":false},"stencil":{"id":"SequenceFlow"},"childShapes":[],"outgoing":[{"resourceId":"sid-EF25C14A-59F2-4974-B3B1-CF97B8DF7A74"}],"bounds":{"lowerRight":{"x":1089.8773951698417,"y":146.92519819238476},"upperLeft":{"x":1038.5913548301583,"y":99.1881886319396}},"dockers":[{"x":20.5,"y":20.5},{"x":49.99999999999994,"y":40}],"target":{"resourceId":"sid-EF25C14A-59F2-4974-B3B1-CF97B8DF7A74"}},{"resourceId":"sid-30F3E2E6-04B4-4809-9B17-CEDD9622279B","properties":{"overrideid":"","name":"","documentation":"","conditionsequenceflow":{"expression":{"type":"variables","leftRestResponseId":"estadoSolicitud","operator":"==","rightValue":"SOL-RECHAZADA"}},"executionlisteners":"","defaultflow":"false"},"stencil":{"id":"SequenceFlow"},"childShapes":[],"outgoing":[{"resourceId":"sid-3E14546A-78F1-49F4-8D89-83F16EBB890E"}],"bounds":{"lowerRight":{"x":1100.452683677937,"y":278.3557553476891},"upperLeft":{"x":1100.047316322063,"y":109.06147438204061}},"dockers":[{"x":20.5,"y":20.5},{"x":20,"y":20}],"target":{"resourceId":"sid-3E14546A-78F1-49F4-8D89-83F16EBB890E"}}],"bounds":{"lowerRight":{"x":1278.66978184648,"y":1050},"upperLeft":{"x":0,"y":0}},"stencilset":{"url":"stencilsets/bpmn2.0/bpmn2.0.json","namespace":"http://b3mn.org/stencilset/bpmn2.0#"},"ssextensions":[]}