{"name":"Proceso Inscripcion","description":"Proceso genérico de recepción y revisión de documentos en una inscripción.","definition":{"models":[{"id":2002,"name":"Proceso de inscripcion","version":26,"modelType":0,"description":"Modelo para el proceso de inscripción","stencilSetId":0,"createdByFullName":"Luis Paz Administrator","createdBy":1,"lastUpdatedByFullName":"Luis Paz Administrator","lastUpdatedBy":1,"lastUpdated":"2019-11-20T14:51:03.267+0000"}],"theme":"theme-3","icon":"glyphicon-asterisk","publishIdentityInfo":[]}}